alias,name,institute,keyword
Jie Tang,唐杰,清华大学,tsinghua
Haiping Huang,黄海平,南京邮电大学,nanjing:posts
Li Tao,李涛,南京邮电大学,nanjing:posts
Xu Jia,徐佳,南京邮电大学,nanjing:posts
Yun Li,李云,南京邮电大学,nanjing:post/chongqing:posts
Xiang-Yang Li,cjl,中国科学技术大学,china:science:technology
Enhong Chen,cjl,中国科学技术大学,china:science:technology
Xiaoping Chen,cjl,中国科学技术大学,china:science:technology
Kai Xing,cjl,中国科学技术大学,china:science:technology
Liusheng Huang,cjl,中国科学技术大学,china:science:technology
Panlong Yang,cjl,中国科学技术大学,china:science:technology
Xinyu Feng,cjl,中国科学技术大学,china:science:technology
Ke Tang,cjl,中国科学技术大学,china:science:technology
Lan Zhang,cjl,中国科学技术大学,china:science:technology
Yinlong Xu,cjl,中国科学技术大学,china:science:technology
Huanhuan Chen,cjl,中国科学技术大学,china:science:technology
Xike Xie,cjl,中国科学技术大学,china:science:technology
Naijie Gu,cjl,中国科学技术大学,china:science:technology
Xuehai Zhou,cjl,中国科学技术大学,china:science:technology
Hong An,cjl,中国科学技术大学,china:science:technology
Yan Xiong,cjl,中国科学技术大学,china:science:technology
Xinming Zhang,cjl,中国科学技术大学,china:science:technology
Jun Zhu,cjl,清华大学,tsinghua
Jie Tang,cjl,清华大学,tsinghua
Maosong Sun,cjl,清华大学,tsinghua
Bo Zhang,cjl,清华大学,tsinghua
Guoliang Li,cjl,清华大学,tsinghua
Yang Liu 0005,cjl,清华大学,tsinghua
Zhiyuan Liu,cjl,清华大学,tsinghua
Xiaoyan Zhu,cjl,清华大学,tsinghua
Jianhua Feng,cjl,清华大学,tsinghua
Shaoping Ma,cjl,清华大学,tsinghua
Yiqun Liu,cjl,清华大学,tsinghua
Juan-Zi Li,cjl,清华大学,tsinghua
Fuchun Sun,cjl,清华大学,tsinghua
Dan Pei,cjl,清华大学,tsinghua
Peng Cui,cjl,清华大学,tsinghua
Jianyong Wang,cjl,清华大学,tsinghua
Minlie Huang,cjl,清华大学,tsinghua
Ke Xu,cjl,清华大学,tsinghua
Shiqiang Yang,cjl,清华大学,tsinghua
Huaping Liu,cjl,清华大学,tsinghua
Wenguang Chen,cjl,清华大学,tsinghua
Min Zhang,cjl,清华大学,tsinghua
Yuanchun Shi,cjl,清华大学,tsinghua
Kang Chen,cjl,清华大学,tsinghua
Qiang Zhou,cjl,清华大学,tsinghua
Yong Cui,cjl,清华大学,tsinghua
Yongwei Wu,cjl,清华大学,tsinghua
Chun Yu,cjl,清华大学,tsinghua
Haizhou Ai,cjl,清华大学,tsinghua
Yici Cai,cjl,清华大学,tsinghua
Yu Chen,cjl,清华大学,tsinghua
Fengyuan Ren,cjl,清华大学,tsinghua
Dan Li,cjl,清华大学,tsinghua
Kun Xu,cjl,清华大学,tsinghua
Jiwu Shu,cjl,清华大学,tsinghua
Jia Jia,cjl,清华大学,tsinghua
Xiaolin Hu,cjl,清华大学,tsinghua
Hongliang Yu,cjl,清华大学,tsinghua
Jianping Wu,cjl,清华大学,tsinghua
Hailong Yao,cjl,清华大学,tsinghua
Mingsheng Ying,cjl,清华大学,tsinghua
Lifeng Sun,cjl,清华大学,tsinghua
Guangwen Yang,cjl,清华大学,tsinghua
Youjian Zhao,cjl,清华大学,tsinghua
Wenjian Yu,cjl,清华大学,tsinghua
Wei Xue,cjl,清华大学,tsinghua
Bin Liu,cjl,清华大学,tsinghua
Jianmin Li,cjl,清华大学,tsinghua
Jidong Zhai,cjl,清华大学,tsinghua
Li Zheng,cjl,清华大学,tsinghua
Lin Qiao,cjl,清华大学,tsinghua
Hua Xu,cjl,清华大学,tsinghua
Hongbo Li,cjl,清华大学,tsinghua
Yaoxue Zhang,cjl,清华大学,tsinghua
Yue-Zhi Zhou,cjl,清华大学,tsinghua
Jihong Zhu,cjl,清华大学,tsinghua
Linmi Tao,cjl,清华大学,tsinghua
Mingwei Xu,cjl,清华大学,tsinghua
Bin Xu,cjl,清华大学,tsinghua
Yuchun Ma,cjl,清华大学,tsinghua
Xia Yin,cjl,清华大学,tsinghua
Youhui Zhang,cjl,清华大学,tsinghua
Zhidong Deng ,cjl,清华大学,tsinghua
Jinlei Jiang,cjl,清华大学,tsinghua
Xiu Li,cjl,清华大学,tsinghua
Yixu Song,cjl,清华大学,tsinghua
Jiangtao Wen,cjl,清华大学,tsinghua
Sheqin Dong,cjl,清华大学,tsinghua
Keting Jia,cjl,清华大学,tsinghua
Sanli Li,cjl,清华大学,tsinghua
Hongbo Yu,cjl,清华大学,tsinghua
Yong Yu,cjl,上海交通大学,shanghai:jiao:tong
Kai Yu,cjl,上海交通大学,shanghai:jiao:tong
Jian Li,cjl,上海交通大学,shanghai:jiao:tong
Xinbing Wang,cjl,上海交通大学,shanghai:jiao:tong
Haibo Chen,cjl,上海交通大学,shanghai:jiao:tong
Chao Li,cjl,上海交通大学,shanghai:jiao:tong
Yanmin Zhu,cjl,上海交通大学,shanghai:jiao:tong
Xiaotie Deng,cjl,上海交通大学,shanghai:jiao:tong
Hai Zhao,cjl,上海交通大学,shanghai:jiao:tong
Dong Wang,cjl,上海交通大学,shanghai:jiao:tong
Cewu Lu,cjl,上海交通大学,shanghai:jiao:tong
Xiaoyao Liang,cjl,上海交通大学,shanghai:jiao:tong
Guihai Chen,cjl,上海交通大学,shanghai:jiao:tong
Minyi Guo,cjl,上海交通大学,shanghai:jiao:tong
Haojin Zhu,cjl,上海交通大学,shanghai:jiao:tong
Haibing Guan,cjl,上海交通大学,shanghai:jiao:tong
Binyu Zang,cjl,上海交通大学,shanghai:jiao:tong
Fan Wu,cjl,上海交通大学,shanghai:jiao:tong
Minglu Li,cjl,上海交通大学,shanghai:jiao:tong
Rong Chen ,cjl,上海交通大学,shanghai:jiao:tong
Lei Wang,cjl,上海交通大学,shanghai:jiao:tong
Zhen Liu,cjl,上海交通大学,shanghai:jiao:tong
Quan Chen,cjl,上海交通大学,shanghai:jiao:tong
Hongzi Zhu,cjl,上海交通大学,shanghai:jiao:tong
Gang Wu,cjl,上海交通大学,shanghai:jiao:tong
Bin Yao,cjl,上海交通大学,shanghai:jiao:tong
Jian Cao ,cjl,上海交通大学,shanghai:jiao:tong
Weijia Jia,cjl,上海交通大学,shanghai:jiao:tong
Linghe Kong,cjl,上海交通大学,shanghai:jiao:tong
Guangtao Xue,cjl,上海交通大学,shanghai:jiao:tong
Yu Yu,cjl,上海交通大学,shanghai:jiao:tong
Kenny Q. Zhu,cjl,上海交通大学,shanghai:jiao:tong
Hongtao Lu,cjl,上海交通大学,shanghai:jiao:tong
Yuting Chen,cjl,上海交通大学,shanghai:jiao:tong
Xiaofeng Gao,cjl,上海交通大学,shanghai:jiao:tong
Yanyan Shen,cjl,上海交通大学,shanghai:jiao:tong
Yubin Xi,cjl,上海交通大学,shanghai:jiao:tong
Jingwen Leng,cjl,上海交通大学,shanghai:jiao:tong
Jianguo Yao,cjl,上海交通大学,shanghai:jiao:tong
Zhengwei Qi,cjl,上海交通大学,shanghai:jiao:tong
Luoyi Fu,cjl,上海交通大学,shanghai:jiao:tong
Hao Zhong,cjl,上海交通大学,shanghai:jiao:tong
Dawu Gu,cjl,上海交通大学,shanghai:jiao:tong
Lei Xu,cjl,上海交通大学,shanghai:jiao:tong
Bin Sheng,cjl,上海交通大学,shanghai:jiao:tong
Shuangjiu Xiao,cjl,上海交通大学,shanghai:jiao:tong
Dominik Scheder,cjl,上海交通大学,shanghai:jiao:tong
Xubo Yang,cjl,上海交通大学,shanghai:jiao:tong
Yuan Luo,cjl,上海交通大学,shanghai:jiao:tong
Ruimin Shen,cjl,上海交通大学,shanghai:jiao:tong
Zhiqiang Liu,cjl,上海交通大学,shanghai:jiao:tong
Tianfang Yao,cjl,上海交通大学,shanghai:jiao:tong
Xuejia Lai,cjl,上海交通大学,shanghai:jiao:tong
Fang Li,cjl,上海交通大学,shanghai:jiao:tong
Haopeng Chen,cjl,上海交通大学,shanghai:jiao:tong
Shengli Liu,cjl,上海交通大学,shanghai:jiao:tong
Liping Shen,cjl,上海交通大学,shanghai:jiao:tong
Yuanyuan Zhang,cjl,上海交通大学,shanghai:jiao:tong